https://fundamenta.hu/documents/10182/2114095/1. Hatályos Díjtáblázat/22758057-b69e-c74a-b40a-69af4e5edb77?t=1610982019632,1. Hatályos Díjtáblázat,./
https://fundamenta.hu/documents/10182/2114095/2. Hatályos Üzletszabályzat/00df75ea-87ed-8ced-0956-a93a20874921?t=1610982019632,2. Hatályos Üzletszabályzat,./
https://fundamenta.hu/documents/10182/2114095/3. Üzletszabályzat 3-17. és 20-21 sz. mellékletei 2020.12.15-től/ed1e2202-da37-7fa9-cd01-eed18e6fb97c?t=1610982019632,3. Üzletszabályzat 3-17. és 20-21 sz. mellékletei 2020.12.15-től,./
https://fundamenta.hu/documents/10182/2114095/4. Üzletszabályzat hirdetménye 2020.12.15-től/3f62d92d-931a-6242-a711-84790ce46abe?t=1610982019632,4. Üzletszabályzat hirdetménye 2020.12.15-től,./
https://fundamenta.hu/documents/10182/2114095/5. A 2020.12.15-től hatályos Üzletszabályzat és korábbi Általános Szerződési Feltételek közötti fordítótábla/fa97365c-e4a8-439e-23c2-96fecb039a3a?t=1610982019632,5. A 2020.12.15-től hatályos Üzletszabályzat és korábbi Általános Szerződési Feltételek közötti fordítótábla,./
https://fundamenta.hu/documents/10182/2114095/6. Áthidaló- és Lakáskölcsön Szerződés Általános Feltételek 2020.10.20-tól/215b3a6b-d35d-9da5-42c1-82765ac56a5e?t=1610982019632,6. Áthidaló- és Lakáskölcsön Szerződés Általános Feltételek 2020.10.20-tól,./
https://fundamenta.hu/documents/10182/2114120/Fundamenta akciós hirdetmény 2020.12.15-től visszavonásig/622c572f-8c03-4e82-d79c-934ad5336f64?t=1610982019669,Fundamenta akciós hirdetmény 2020.12.15-től visszavonásig,./
https://fundamenta.hu/documents/10182/2114132/A módozat szerinti megtakarítási időt meghaladó szerződésekre alkalmazott betéti kamat hirdetmény 2020.10.20-tól /a4da5bae-79ae-6fca-69f7-20a74f3c7f0f?t=1610982019709,A módozat szerinti megtakarítási időt meghaladó szerződésekre alkalmazott betéti kamat hirdetmény 2020.10.20-tól,./
https://fundamenta.hu/documents/10182/2114132/Értékesíthető módozatok hirdetménye 2020.12.15-től visszavonásig/896f00d1-479b-a16b-0f42-b1672a38ee80?t=1610982019709,Értékesíthető módozatok hirdetménye 2020.12.15-től visszavonásig,./
https://fundamenta.hu/documents/10182/2114132/HIRDETMÉNY a Fundamenta-Lakáskassza Zrt. által nyújtott Fundamenta Solar ingatlanfedezettel nem biztosított azonnali áthidaló kölcsönéről és annak feltételeiről 2021.01.01-től/57dbc719-c6b9-9215-d17a-13f3467e4d24?t=1610982019709,HIRDETMÉNY a Fundamenta-Lakáskassza Zrt. által nyújtott Fundamenta Solar ingatlanfedezettel nem biztosított azonnali áthidaló kölcsönéről és annak feltételeiről 2021.01.01-től,./
https://fundamenta.hu/documents/10182/2114132/HIRDETMÉNY a Fundamenta-Lakáskassza Zrt. által nyújtott Fundamenta Solar ingatlanfedezettel nem biztosított kedvezményes azonnali áthidaló kölcsönéről és annak feltételeiről 2021.01.01-től/c4ca3b09-8a1d-c335-f915-67d4216094d9?t=1610982019709,HIRDETMÉNY a Fundamenta-Lakáskassza Zrt. által nyújtott Fundamenta Solar ingatlanfedezettel nem biztosított kedvezményes azonnali áthidaló kölcsönéről és annak feltételeiről 2021.01.01-től,./
https://fundamenta.hu/documents/10182/2114132/THM hirdetmény 2021.01.01-től/3a949939-a91e-89a5-a1f3-f39a95a4fb6e?t=1610982019709,THM hirdetmény 2021.01.01-től,./
https://fundamenta.hu/documents/10182/2138928/Hirdetmény a Fundamenta-Lakáskassza Zrt. ügyfél-átvilágítással kapcsolatos kötelezettségeiről 2020/d4713f33-00ff-cb78-bba9-a3ce177de974?t=1610982019748,Hirdetmény a Fundamenta-Lakáskassza Zrt. ügyfél-átvilágítással kapcsolatos kötelezettségeiről 2020,./
https://fundamenta.hu/documents/10182/2138928/Kiegészítő azonosítási adatlap/cc5f05ee-eb35-8284-2b8e-f5918788f5cc?t=1610982019748,Kiegészítő azonosítási adatlap,./
https://fundamenta.hu/documents/10182/2138928/Kiemelt közszereplői (PEP) nyilatkozat/06bff537-33c5-9875-0086-369b23b1a714?t=1610982019748,Kiemelt közszereplői (PEP) nyilatkozat,./
https://fundamenta.hu/documents/10182/2138928/Tájékoztató a pénzmosás és a terrorizmus finanszírozása megelőzéséről és megakadályozásáról szóló 2017. évi LIII. törvény 2020. januári módosításairól/d1ff205e-80d5-1780-e702-42f994846799?t=1610982019748,Tájékoztató a pénzmosás és a terrorizmus finanszírozása megelőzéséről és megakadályozásáról szóló 2017. évi LIII. törvény 2020. januári módosításairól,./
https://fundamenta.hu/documents/10182/2138928/Tényleges tulajdonosi nyilatkozat (TTNY) nem természetes személy részére/d6bad430-fb02-1009-651c-baae25e5d151?t=1610982019749,Tényleges tulajdonosi nyilatkozat (TTNY) nem természetes személy részére,./
https://fundamenta.hu/documents/10182/2138928/Tényleges tulajdonosi nyilatkozat (TTNY) természetes személy részére/ca3e4293-1284-049e-0b1b-ac84f370b111?t=1610982019749,Tényleges tulajdonosi nyilatkozat (TTNY) természetes személy részére,./
https://fundamenta.hu/documents/10182/2290460/Útmutató a kifizetést megelőző adategyeztetéshez szükséges adatlapról és okmányokról/4df8b91e-27c8-c1df-7455-f688c07f8271?t=1610982019749,Útmutató a kifizetést megelőző adategyeztetéshez szükséges adatlapról és okmányokról,./
https://fundamenta.hu/documents/10182/2114408/Adatkezelési nyilatkozat Személyi Bankár igénylés és Telefonos tájékoztatáskérés esetén/5adb8626-0547-ef63-8980-41d4cfe5f277?t=1610982019785,Adatkezelési nyilatkozat Személyi Bankár igénylés és Telefonos tájékoztatáskérés esetén,./
https://fundamenta.hu/documents/10182/2114408/A fundamenta.hu weboldal cookie kezelése/32279c26-afff-4035-8e40-ab690fc3e5fd?t=1610982019785,A fundamenta.hu weboldal cookie kezelése,./
https://fundamenta.hu/documents/10182/2114408/Fundamenta-Lakáskassza Zrt. adatvédelmi tájékoztatója/075f884a-5e56-563a-16d6-1ae4e259e065?t=1610982019785,Fundamenta-Lakáskassza Zrt. adatvédelmi tájékoztatója,./
https://fundamenta.hu/documents/10182/2114408/Írjon nekünk! Nem vagyok ügyfél - Adatkezelési nyilatkozat/83f3e755-6149-d07f-d553-17393846d7ba?t=1610982019785,Írjon nekünk! Nem vagyok ügyfél - Adatkezelési nyilatkozat,./
https://fundamenta.hu/documents/10182/2114408/Írjon nekünk! Ügyfél vagyok - Adatkezelési nyilatkozat ügyfeleink reklámcélú megkereséséről/76e4e30d-6a2e-99c2-34ea-c69fe081fbf8?t=1610982019785,Írjon nekünk! Ügyfél vagyok - Adatkezelési nyilatkozat ügyfeleink reklámcélú megkereséséről,./
https://fundamenta.hu/documents/10182/2114408/Ügyféljogok az Általános Adatvédelmi Rendelet alapján/84a86365-7917-002b-4394-ee77dfb898dc?t=1610982019785,Ügyféljogok az Általános Adatvédelmi Rendelet alapján,./
"https://fundamenta.hu/documents/10182/1686408/Fogyatékossággal élők regionális, személyes kapcsolattartóinak listája/afa0fa31-0a27-4455-8e35-461e7c4409bf?t=1610982019822","Fogyatékossággal élők regionális, személyes kapcsolattartóinak listája",./
https://fundamenta.hu/documents/10182/1686408/Fundamenta Szolgáltatási térkép - 2018./cff533d7-1302-5c9b-5085-712a6d1aa27a?t=1610982019822,Fundamenta Szolgáltatási térkép - 2018.,./
https://fundamenta.hu/documents/10182/1686408/Fundamenta-Lakáskassza Zrt. és a Fundamenta-Lakáskassza Kft. esélyegyenlőségi politikája/9608ea5b-333c-7786-6f04-8c4b78e6a9b6?t=1610982019822,Fundamenta-Lakáskassza Zrt. és a Fundamenta-Lakáskassza Kft. esélyegyenlőségi politikája,./
https://fundamenta.hu/documents/10182/1686408/Nyilatkozat igénybe venni nem kívánt kommunikációs csatornákról/e87e812d-5ab0-9076-e852-18d7b590658a?t=1610982019822,Nyilatkozat igénybe venni nem kívánt kommunikációs csatornákról,./
https://fundamenta.hu/documents/10182/2114144/Adatváltozás bejelentő nyilatkozat természetes személyek részére/7e5477a0-cdc3-c374-580a-346bacd699c0?t=1610982019865,Adatváltozás bejelentő nyilatkozat természetes személyek részére,./
https://fundamenta.hu/documents/10182/2114144/Felhatalmazás csoportos beszedési megbízás teljesítésére/29a77490-3a6e-4c92-84ae-f6bd1a95dd17?t=1610982019865,Felhatalmazás csoportos beszedési megbízás teljesítésére,./
https://fundamenta.hu/documents/10182/2290460/Felmondási nyilatkozat lakáscélú felhasználás esetén/b7af4719-e034-ab28-f4e6-01d6012fd844?t=1610982019865,Felmondási nyilatkozat lakáscélú felhasználás esetén,./
https://fundamenta.hu/documents/10182/2114144/Kedvezményezett módosítási nyilatkozat/2bf7f482-54de-95b6-401a-06c418ffce15?t=1610982019865,Kedvezményezett módosítási nyilatkozat,./
https://fundamenta.hu/documents/10182/2114144/Meghatalmazás közös képviselői feladatok ellátására/e2581d9e-1a71-3c43-dcef-7408dc27444c?t=1610982019865,Meghatalmazás közös képviselői feladatok ellátására,./
https://fundamenta.hu/documents/10182/2114144/Meghatalmazás minta/97904d8e-07ce-4743-9e68-a923a2483c2e?t=1610982019865,Meghatalmazás minta,./
https://fundamenta.hu/documents/10182/2114144/Megosztási nyilatkozat/ebbc85f7-7ea1-5843-2b87-ebcca7afe45c?t=1610982019865,Megosztási nyilatkozat,./
https://fundamenta.hu/documents/10182/2114144/Összevonási nyilatkozat/5732f546-ef3b-d3e2-c861-756c0e166f36?t=1610982019865,Összevonási nyilatkozat,./
https://fundamenta.hu/documents/10182/2114144/Szerződésmódosítási nyilatkozat/bea9f6a8-cd3d-cca5-ab3f-c28c4a130e8f?t=1610982019865,Szerződésmódosítási nyilatkozat,./
"https://fundamenta.hu/documents/10182/2114144/Változásbejelentő nyilatkozat társasházak, lakásszövetkezetek részére/d25ab33e-1a63-3320-77a7-90c8ff09b4a1?t=1610982019865","Változásbejelentő nyilatkozat társasházak, lakásszövetkezetek részére",./
https://fundamenta.hu/documents/10182/2114144/Adatváltozás bejelentő nyilatkozat természetes személyek részére/7e5477a0-cdc3-c374-580a-346bacd699c0?t=1610982019910,Adatváltozás bejelentő nyilatkozat természetes személyek részére,./
https://fundamenta.hu/documents/10182/2290460/Felmondási nyilatkozat lakáscélú felhasználás esetén/b7af4719-e034-ab28-f4e6-01d6012fd844?t=1610982019910,Felmondási nyilatkozat lakáscélú felhasználás esetén,./
https://fundamenta.hu/documents/10182/2290460/Felmondási nyilatkozat lakáscélú felhasználás nélkül/421840ab-1d75-5357-9074-93ae49b37f6e?t=1610982019910,Felmondási nyilatkozat lakáscélú felhasználás nélkül,./
https://fundamenta.hu/documents/10182/2138928/Hirdetmény a Fundamenta-Lakáskassza Zrt. ügyfél-átvilágítással kapcsolatos kötelezettségeiről 2020/d4713f33-00ff-cb78-bba9-a3ce177de974?t=1610982019910,Hirdetmény a Fundamenta-Lakáskassza Zrt. ügyfél-átvilágítással kapcsolatos kötelezettségeiről 2020,./
https://fundamenta.hu/documents/10182/2114580/Hitelintézeti igazolás társasházak és lakásszövetkezetek részére/a6ec079e-83f8-46bb-82b8-692e91a29b6b?t=1610982019910,Hitelintézeti igazolás társasházak és lakásszövetkezetek részére,./
https://fundamenta.hu/documents/10182/2114580/Hitelintézeti igazolás - magánszemélyek részére/8b1f131d-f816-4c0f-9d51-fe4031f8ff7a?t=1610982019911,Hitelintézeti igazolás - magánszemélyek részére,./
https://fundamenta.hu/documents/10182/2290460/Kiegészítő azonosítási adatlap betét kifizetéséhez/b29f3e18-62cd-6371-022c-39424d27d1a8?t=1610982019911,Kiegészítő azonosítási adatlap betét kifizetéséhez,./
https://fundamenta.hu/documents/10182/2138928/Kiemelt közszereplői (PEP) nyilatkozat/06bff537-33c5-9875-0086-369b23b1a714?t=1610982019911,Kiemelt közszereplői (PEP) nyilatkozat,./
https://fundamenta.hu/documents/10182/2112808/Nyilatkozat a lakás-előtakarékossági szerződés közeli hozzátartozó javára történő lakáscélú felhasználásról 2020.09.01-től/236eb92d-6867-6a1a-ddf3-fa49e2ab17a6?t=1610982019911,Nyilatkozat a lakás-előtakarékossági szerződés közeli hozzátartozó javára történő lakáscélú felhasználásról 2020.09.01-től,./
https://fundamenta.hu/documents/10182/2290460/Tájékoztató a lakáscél igazolásról magánszemélyek részére/0089c222-bc50-59fa-52f9-b6867283bb0b?t=1610982019911,Tájékoztató a lakáscél igazolásról magánszemélyek részére,./
https://fundamenta.hu/documents/10182/2138928/Tényleges tulajdonosi nyilatkozat (TTNY) nem természetes személy részére/d6bad430-fb02-1009-651c-baae25e5d151?t=1610982019911,Tényleges tulajdonosi nyilatkozat (TTNY) nem természetes személy részére,./
https://fundamenta.hu/documents/10182/2138928/Tényleges tulajdonosi nyilatkozat (TTNY) természetes személy részére/ca3e4293-1284-049e-0b1b-ac84f370b111?t=1610982019911,Tényleges tulajdonosi nyilatkozat (TTNY) természetes személy részére,./
https://fundamenta.hu/documents/10182/2290460/Útmutató a kifizetést megelőző adategyeztetéshez szükséges adatlapról és okmányokról/4df8b91e-27c8-c1df-7455-f688c07f8271?t=1610982019911,Útmutató a kifizetést megelőző adategyeztetéshez szükséges adatlapról és okmányokról,./
https://fundamenta.hu/documents/10182/2290460/Útmutató a lakás-előtakarékossági szerződés felhasználási lehetőségeiről/6830b41c-7dfd-264a-a332-bae545f30624?t=1610982019911,Útmutató a lakás-előtakarékossági szerződés felhasználási lehetőségeiről,./
https://fundamenta.hu/documents/10182/2290460/Ügyféltájékoztató a betétszámla kifizetésről/a97a3b03-d8cd-ef0f-056b-18c209d3b702?t=1610982019911,Ügyféltájékoztató a betétszámla kifizetésről,./
"https://fundamenta.hu/documents/10182/2114144/Változásbejelentő nyilatkozat társasházak, lakásszövetkezetek részére/d25ab33e-1a63-3320-77a7-90c8ff09b4a1?t=1610982019911","Változásbejelentő nyilatkozat társasházak, lakásszövetkezetek részére",./
https://fundamenta.hu/documents/10182/2114580/Értékbecslői lista/32743a38-86ca-d3c6-613c-81a1501098c8?t=1610982019950,Értékbecslői lista,./
https://fundamenta.hu/documents/10182/2114580/Hitelintézeti igazolás társasházak és lakásszövetkezetek részére/a6ec079e-83f8-46bb-82b8-692e91a29b6b?t=1610982019950,Hitelintézeti igazolás társasházak és lakásszövetkezetek részére,./
https://fundamenta.hu/documents/10182/2114580/Hitelintézeti igazolás - magánszemélyek részére/8b1f131d-f816-4c0f-9d51-fe4031f8ff7a?t=1610982019950,Hitelintézeti igazolás - magánszemélyek részére,./
https://fundamenta.hu/documents/10182/2114580/Nyilatkozat a lakás-előtakarékossági szerződés lakáscélú felhasználásáról/61016c5d-6f91-7cf3-820c-8755cf9e19c6?t=1610982019950,Nyilatkozat a lakás-előtakarékossági szerződés lakáscélú felhasználásáról,./
"https://fundamenta.hu/documents/10182/2114180/Példa lakáscélok, amelyek megvalósíthatók Fundamenta Lakásszámlával/666327fc-a532-4afa-a239-e2292ca4262a?t=1610982019950","Példa lakáscélok, amelyek megvalósíthatók Fundamenta Lakásszámlával",./
https://fundamenta.hu/documents/10182/2114580/Számlaösszesítő magánszemélyek részére/c59250ca-87cb-9f42-fb14-6a7f95047b1b?t=1610982019950,Számlaösszesítő magánszemélyek részére,./
https://fundamenta.hu/documents/10182/2114580/Számlaösszesítő társasházak és lakásszövetkezetek részére/90a17190-7699-185d-ce55-9c2ffbc6dc69?t=1610982019950,Számlaösszesítő társasházak és lakásszövetkezetek részére,./
https://fundamenta.hu/documents/10182/2290460/Tájékoztató a lakáscél igazolásról magánszemélyek részére/0089c222-bc50-59fa-52f9-b6867283bb0b?t=1610982019950,Tájékoztató a lakáscél igazolásról magánszemélyek részére,./
https://fundamenta.hu/documents/10182/2114580/Tájékoztató lakáscél igazoláshoz társasházak és lakásszövetkezetek részére/b95eca2c-884b-b00d-6baa-b926e6adb03c?t=1610982019950,Tájékoztató lakáscél igazoláshoz társasházak és lakásszövetkezetek részére,./
https://fundamenta.hu/documents/10182/2114198/Díjtáblázat kedvezményes 2021.01.01-től/6374aa07-1d49-ed57-1643-087b58947a90?t=1610982019987,Díjtáblázat kedvezményes 2021.01.01-től,./
https://fundamenta.hu/documents/10182/2114198/Értékesítési javadalmazási politika/82f1601c-9fc6-6178-8bdf-22909dbd64b5?t=1610982019987,Értékesítési javadalmazási politika,./
https://fundamenta.hu/documents/10182/2114198/Fundamenta-Lakáskassza Kft. panaszkezelési szabályzata/dd3a9ea5-56ff-1222-451a-d551dc1a4348?t=1610982019987,Fundamenta-Lakáskassza Kft. panaszkezelési szabályzata,./
https://fundamenta.hu/documents/10182/2114198/Fundamenta-Lakáskassza Zrt. panaszkezelési szabályzata/1d3c31d4-363b-022f-b8e9-1e197ef15439?t=1610982019987,Fundamenta-Lakáskassza Zrt. panaszkezelési szabályzata,./
https://fundamenta.hu/documents/10182/2114198/Javadalmazási politika/c1d2c4a2-a790-39da-99fb-17f2bad56b52?t=1610982019987,Javadalmazási politika,./
https://fundamenta.hu/documents/10182/2115506/Elő- és végtörlesztési nyilatkozat/227968f4-8659-48bb-ae16-40f852a78183?t=1610982020026,Elő- és végtörlesztési nyilatkozat,./
https://fundamenta.hu/documents/10182/2114926/Közlemény a 2014. évi XL. törvény szerint közjegyzői okiratba foglalt elszámolási kötelezettség vállalásáról./6af4ce32-0460-487e-811d-98678feec996?t=1610982020062,Közlemény a 2014. évi XL. törvény szerint közjegyzői okiratba foglalt elszámolási kötelezettség vállalásáról.,./
https://fundamenta.hu/documents/10182/2128136/Hirdetmény a 2017.12.15-től megkötött lakáselőtakarékossági szerződésekre alkalmazott FundiMini Gyerekszámla akció feltételeinek módosításáról/08e6b128-8f86-5bde-49ae-b231017ace81?t=1610982020100,Hirdetmény a 2017.12.15-től megkötött lakáselőtakarékossági szerződésekre alkalmazott FundiMini Gyerekszámla akció feltételeinek módosításáról,./
https://fundamenta.hu/documents/10182/2112808/Adatlap a fedezeti ingatlanról 2020.11.17-től/94470ebd-adf5-d163-7566-bef5120bdd15?t=1610982020146,Adatlap a fedezeti ingatlanról 2020.11.17-től,./
https://fundamenta.hu/documents/10182/2112808/Adásvételi szerződéssel szemben támasztott követelmények/74077fea-d023-ea40-5d36-aa2703b8f26e?t=1610982020146,Adásvételi szerződéssel szemben támasztott követelmények,./
https://fundamenta.hu/documents/10182/2112808/Az ingatlanárverés keretében történő tulajdonszerzésre irányadó eljáráshoz kapcsolódó tájékoztató/44258249-18ac-49de-a1b5-80990ad4e807?t=1610982020146,Az ingatlanárverés keretében történő tulajdonszerzésre irányadó eljáráshoz kapcsolódó tájékoztató,./
https://fundamenta.hu/documents/10182/2112808/A hiteligénylés folyamata 2020.09.01-től/fb332ccd-f12b-fd9e-4617-6831e2564a3d?t=1610982020146,A hiteligénylés folyamata 2020.09.01-től,./
https://fundamenta.hu/documents/10182/2112808/A hitelkérelem dokumentumai 2020.09.01-től/1a64b64a-1f0d-52c0-5773-885b2a456945?t=1610982020147,A hitelkérelem dokumentumai 2020.09.01-től,./
https://fundamenta.hu/documents/10182/2112808/A Magyar Nemzeti Bank tájékoztatója magánszemélyek részére a Központi Hitelinformációs rendszerről/63fba07e-6d8f-a1fb-1e41-bd59c9326986?t=1610982020147,A Magyar Nemzeti Bank tájékoztatója magánszemélyek részére a Központi Hitelinformációs rendszerről,./
https://fundamenta.hu/documents/10182/2112808/Áthidaló- és Lakáskölcsön Szerződés Általános Feltételek 2020.10.20-tól/48327407-7605-78a8-c9f2-f81b69da49e0?t=1610982020147,Áthidaló- és Lakáskölcsön Szerződés Általános Feltételek 2020.10.20-tól,./
https://fundamenta.hu/documents/10182/2112808/Biztosítóhoz benyújtandó Zálogkötelezetti nyilatkozat/25c83075-9d9d-463a-99db-0c276bcaa1e5?t=1610982020147,Biztosítóhoz benyújtandó Zálogkötelezetti nyilatkozat,./
https://fundamenta.hu/documents/10182/2112808/Biztosítóhoz benyújtandó - fedezetigazolás - nyilatkozat hitelbiztosítéki záradék bejegyzéséről/354e9b5a-4ec9-4170-8a35-846b696eb391?t=1610982020147,Biztosítóhoz benyújtandó - fedezetigazolás - nyilatkozat hitelbiztosítéki záradék bejegyzéséről,./
https://fundamenta.hu/documents/10182/2112808/Eladási és vételi nyilatkozat az adásvételi szándék fenntartásáról 2020.09.01-től/e0da5333-fe35-2b13-25ed-e9189734b07f?t=1610982020147,Eladási és vételi nyilatkozat az adásvételi szándék fenntartásáról 2020.09.01-től,./
https://fundamenta.hu/documents/10182/2112808/Felhatalmazás csoportos beszedési megbízás teljesítésére/b6a1888e-7223-4542-88a4-ec0723f7efdd?t=1610982020147,Felhatalmazás csoportos beszedési megbízás teljesítésére,./
https://fundamenta.hu/documents/10182/2112808/Hatályos Díjtáblázat aláíró oldallal/3925271f-6672-5689-560f-ebb4032c0e15?t=1610982020147,Hatályos Díjtáblázat aláíró oldallal,./
https://fundamenta.hu/documents/10182/2112808/Hitelkérelemhez csatolandó dokumentumok listája társasházak és lakásszövetkezetek részére 2020.10.20-tól/2a9c311c-808a-af8d-5dbc-ff7f14c25425?t=1610982020147,Hitelkérelemhez csatolandó dokumentumok listája társasházak és lakásszövetkezetek részére 2020.10.20-tól,./
https://fundamenta.hu/documents/10182/2112808/Hitelkérelem magánszemélyek részére 2020.09.01-től/a704b0f8-3b50-bf97-b237-5556c7fa8204?t=1610982020147,Hitelkérelem magánszemélyek részére 2020.09.01-től,./
https://fundamenta.hu/documents/10182/2112808/Hitelkérelem magánszemélyek részére 2020.11.17-től (teljes csomag)/7ca7e70e-cf77-13c2-3f01-971cf90b3df9?t=1610982020147,Hitelkérelem magánszemélyek részére 2020.11.17-től (teljes csomag),./
https://fundamenta.hu/documents/10182/2112808/Hitelkérelem társasházak és lakásszövetkezetek részére/3c98ad56-b03b-a3af-71ee-c54ecb080980?t=1610982020147,Hitelkérelem társasházak és lakásszövetkezetek részére,./
https://fundamenta.hu/documents/10182/2112808/Hitelszerződés MINTA Nem természetes személy - 2020.10.20-tól befogadott hitelkérelem esetén/1709f7d3-a326-d7ea-a9df-582e7e65d6f6?t=1610982020147,Hitelszerződés MINTA Nem természetes személy - 2020.10.20-tól befogadott hitelkérelem esetén,./
https://fundamenta.hu/documents/10182/2112808/Hitelszerződés MINTA Természetes személy - 2020.10.20-tól befogadott hitelkérelem esetén/9bf9b998-9cfd-99db-bafe-6d580d4da5b9?t=1610982020147,Hitelszerződés MINTA Természetes személy - 2020.10.20-tól befogadott hitelkérelem esetén,./
https://fundamenta.hu/documents/10182/2112808/Kiegészítő ügyféltájékoztató A hitelkérelem dokumentumai elnevezésű nyomtatványhoz 2020.07.22-től/13f9ecb8-8c8e-7e24-39e7-8fc05e8554c9?t=1610982020147,Kiegészítő ügyféltájékoztató A hitelkérelem dokumentumai elnevezésű nyomtatványhoz 2020.07.22-től,./
https://fundamenta.hu/documents/10182/2112808/Kifizetési rendelkezés társasházak és lakásszövetkezetek részére/eb384c0d-90ae-2b00-54e2-775587c686e8?t=1610982020147,Kifizetési rendelkezés társasházak és lakásszövetkezetek részére,./
https://fundamenta.hu/documents/10182/2112808/Kifizetési rendelkezés 2020.11.17.-től/55c41452-98aa-6d81-e1d1-2acd2d6cd990?t=1610982020147,Kifizetési rendelkezés 2020.11.17.-től,./
https://fundamenta.hu/documents/10182/2112808/Közjegyzői közokirat MINTA Nem természetes személy/612e28ab-dcc5-b753-f232-c4c1e0e256eb?t=1610982020147,Közjegyzői közokirat MINTA Nem természetes személy,./
https://fundamenta.hu/documents/10182/2112808/Közjegyzői közokirat MINTA Természetes személy/3bf48425-2728-9a03-77e1-4e6a992e9fd4?t=1610982020147,Közjegyzői közokirat MINTA Természetes személy,./
https://fundamenta.hu/documents/10182/2112808/Közvetítési nyilatkozat 2019.11.06-tól/dbb96c8c-6cca-f816-9c0d-3b1d1cbf98a4?t=1610982020147,Közvetítési nyilatkozat 2019.11.06-tól,./
https://fundamenta.hu/documents/10182/2112808/Letéti szerződés MINTA - függőben tartás - 2019.11.18-ig befogadott hitelkérelmek esetén/026eda09-8df3-ca8a-1f19-91d3e7510239?t=1610982020147,Letéti szerződés MINTA - függőben tartás - 2019.11.18-ig befogadott hitelkérelmek esetén,./
https://fundamenta.hu/documents/10182/2112808/Letéti szerződés MINTA - függőben tartás - 2019.11.19-től befogadott hitelkérelem esetén/817ef8ba-b77c-5bbb-8789-c01afd14deb3?t=1610982020147,Letéti szerződés MINTA - függőben tartás - 2019.11.19-től befogadott hitelkérelem esetén,./
https://fundamenta.hu/documents/10182/2112808/Letéti szerződés MINTA - tulajdonjog fenntartás - 2019.11.18-ig befogadott hitelkérelmek esetén/d0418f81-8b83-9ba8-89ad-a7f2a2acb9fa?t=1610982020147,Letéti szerződés MINTA - tulajdonjog fenntartás - 2019.11.18-ig befogadott hitelkérelmek esetén,./
https://fundamenta.hu/documents/10182/2112808/Letéti szerződés MINTA - tulajdonjog fenntartás - 2019.11.19-től befogadott hitelkérelem esetén/afb277bc-678c-e4b1-9b48-eca72cd1f886?t=1610982020147,Letéti szerződés MINTA - tulajdonjog fenntartás - 2019.11.19-től befogadott hitelkérelem esetén,./
https://fundamenta.hu/documents/10182/2112808/Munkáltatói igazolás angol 2020.09.28-tól/c5c383b5-312e-73ea-685a-1cc44cb248cb?t=1610982020147,Munkáltatói igazolás angol 2020.09.28-tól,./
https://fundamenta.hu/documents/10182/2112808/Munkáltatói igazolás magyar 2020.11.17-től/c66e5c0f-6fc3-6cac-f128-25a5938ffea3?t=1610982020147,Munkáltatói igazolás magyar 2020.11.17-től,./
https://fundamenta.hu/documents/10182/2112808/Munkáltatói igazolás német 2020.09.28-tól/e6a25924-ec13-5dfc-18a4-bbea5f9dd8f0?t=1610982020147,Munkáltatói igazolás német 2020.09.28-tól,./
https://fundamenta.hu/documents/10182/2112808/Nyilatkozat a lakás-előtakarékossági szerződés közeli hozzátartozó javára történő lakáscélú felhasználásról 2020.09.01-től/236eb92d-6867-6a1a-ddf3-fa49e2ab17a6?t=1610982020147,Nyilatkozat a lakás-előtakarékossági szerződés közeli hozzátartozó javára történő lakáscélú felhasználásról 2020.09.01-től,./
https://fundamenta.hu/documents/10182/2112808/Nyilatkozat ingatlanvételár-részlet megfizetéséről (önerő igazolás) 2020.09.01-től/2c28a87c-95fe-d15c-e011-e44e981630ad?t=1610982020147,Nyilatkozat ingatlanvételár-részlet megfizetéséről (önerő igazolás) 2020.09.01-től,./
https://fundamenta.hu/documents/10182/2114580/Számlaösszesítő magánszemélyek részére/c59250ca-87cb-9f42-fb14-6a7f95047b1b?t=1610982020147,Számlaösszesítő magánszemélyek részére,./
https://fundamenta.hu/documents/10182/2112808/Személyi adatlap 2020.11.17-től/c9f54fbd-6b90-389e-df7c-11099f91102e?t=1610982020147,Személyi adatlap 2020.11.17-től,./
https://fundamenta.hu/documents/10182/2112808/Tájékoztató a hiteligényléshez/ef6e1682-f7f3-5091-8d7c-d2c685bafeae?t=1610982020148,Tájékoztató a hiteligényléshez,./
https://fundamenta.hu/documents/10182/2290460/Tájékoztató a lakáscél igazolásról magánszemélyek részére/0089c222-bc50-59fa-52f9-b6867283bb0b?t=1610982020148,Tájékoztató a lakáscél igazolásról magánszemélyek részére,./
https://fundamenta.hu/documents/10182/2112808/Tájékoztató a túlzott eladósodottság kockázatairól/043b812f-9f58-ec37-9a6f-3f7a721315df?t=1610982020148,Tájékoztató a túlzott eladósodottság kockázatairól,./
https://fundamenta.hu/documents/10182/2112808/Ügyfélnyilatkozat hitelkérelemhez 2020.11.17-től/eea32220-6480-d487-d5cb-ad6046a54b6c?t=1610982020148,Ügyfélnyilatkozat hitelkérelemhez 2020.11.17-től,./
https://fundamenta.hu/documents/10182/2115643/Fedezeti ingatlanhoz kapcsolódó hozzájárulásokkal kapcsolatos tudnivalók/4c12d239-8d09-4c20-b74c-aa651a36e0cb?t=1610982020186,Fedezeti ingatlanhoz kapcsolódó hozzájárulásokkal kapcsolatos tudnivalók,./
https://fundamenta.hu/documents/10182/2115643/Kérelem fedezeti ingatlanhoz kapcsolódó hozzájárulás kiadása iránt/c4db39ca-320c-41b9-9a63-a80d14616812?t=1610982020186,Kérelem fedezeti ingatlanhoz kapcsolódó hozzájárulás kiadása iránt,./
https://fundamenta.hu/documents/10182/2115643/Kérelem ingatlan fedezethez kapcsolódó utólagos hitelszerződés módosítás iránt/41c7b946-2ca7-49ec-b594-df8b6de63678?t=1610982020186,Kérelem ingatlan fedezethez kapcsolódó utólagos hitelszerződés módosítás iránt,./
"https://fundamenta.hu/documents/10182/2115643/Utólagos, ügyfél kérésre történő hitelszerződés módosításokról szóló tájékoztató/b65d0c70-a07d-4fb1-b9fb-08fce4dba09a?t=1610982020186","Utólagos, ügyfél kérésre történő hitelszerződés módosításokról szóló tájékoztató",./
https://fundamenta.hu/documents/10182/2114188/A Fundamenta-Lakáskassza Lakás-takarékpénztár Zártkörűen Működő Részvénytársaság által kiszervezett tevékenységek a 2020.12.21. állapot szerint/6a746465-cbe4-7e03-fcc1-58f0a0403158?t=1610982020228,A Fundamenta-Lakáskassza Lakás-takarékpénztár Zártkörűen Működő Részvénytársaság által kiszervezett tevékenységek a 2020.12.21. állapot szerint,./
https://fundamenta.hu/documents/10182/2114188/H-JÉ-I-B-127-2018. számú határozat/2bb50d6e-9d5d-e70a-74c6-2cd2e48acc12?t=1610982020228,H-JÉ-I-B-127-2018. számú határozat,./
https://fundamenta.hu/documents/10182/2114188/H-JÉ-I-B-220_2018. számú határozat/516b9728-46bc-f064-8a9a-9c46d9ace43e?t=1610982020228,H-JÉ-I-B-220_2018. számú határozat,./
https://fundamenta.hu/documents/10182/2114188/H-JÉ-I-B-346_2017. MNB határozat/d4c98a4a-ae67-1fcb-6660-6bb747632a9e?t=1610982020228,H-JÉ-I-B-346_2017. MNB határozat,./
https://fundamenta.hu/documents/10182/2114188/H_FK_I-B_57_2018. számú határozat/dc3cf80f-8038-5ef0-4e82-0502502712d2?t=1610982020228,H_FK_I-B_57_2018. számú határozat,./
https://fundamenta.hu/documents/10182/2114188/H_FK_I_B_141_2020. számú határozat/d82a2aa1-e31b-6449-7c1c-e7d5828005e6?t=1610982020228,H_FK_I_B_141_2020. számú határozat,./
https://fundamenta.hu/documents/10182/2114188/H_FK_I_B_143_2020. számú határozat/556f20ae-4ba0-3ae8-a0da-5e2056d64bc8?t=1610982020229,H_FK_I_B_143_2020. számú határozat,./
https://fundamenta.hu/documents/10182/2114188/H_FK_I_B_150_2020 számú határozat/9ea6acf3-d377-430f-a280-c7c305e2ba86?t=1610982020229,H_FK_I_B_150_2020 számú határozat,./
https://fundamenta.hu/documents/10182/2114188/H_FK_I_B_156_2020. számú határozat/f6a49c16-15f4-8206-442d-edf9d4800b27?t=1610982020229,H_FK_I_B_156_2020. számú határozat,./
https://fundamenta.hu/documents/10182/2114188/H_FK_I_B_168_2020. számú határozat/11834b02-6e2e-5bae-452e-08ba35e5d8fb?t=1610982020229,H_FK_I_B_168_2020. számú határozat,./
https://fundamenta.hu/documents/10182/2114188/H_FK_I_B_25_2020. számú határozat/edef332c-b0b6-2b9e-e278-08114cd8b5da?t=1610982020229,H_FK_I_B_25_2020. számú határozat,./
https://fundamenta.hu/documents/10182/2114188/H_FK_I_B_61_2020 számú határozat/7a26cb28-5d35-436d-7305-393600d933da?t=1610982020229,H_FK_I_B_61_2020 számú határozat,./
https://fundamenta.hu/documents/10182/2114188/H_FK_I_B_65_2019. számú határozat/77c20a68-229c-3726-2a7e-2f8fe1c8fc6b?t=1610982020229,H_FK_I_B_65_2019. számú határozat,./
https://fundamenta.hu/documents/10182/2114188/H_FK_I_B_66_2017. számú határozat/54d33fa4-865b-e4aa-8139-5092999c2678?t=1610982020229,H_FK_I_B_66_2017. számú határozat,./
https://fundamenta.hu/documents/10182/2114188/H_FK_I_B_6_2020. számú határozat/22a26da7-d3ff-9cba-a117-36acab7a4f2a?t=1610982020229,H_FK_I_B_6_2020. számú határozat,./
https://fundamenta.hu/documents/10182/2114188/H_FK_I_60_2017. számú határozat/d79efe45-e9a1-1348-d4bc-c96fb1ec9eb6?t=1610982020229,H_FK_I_60_2017. számú határozat,./
https://fundamenta.hu/documents/10182/2114188/H_FK_l_B_109_2017. számú határozat/25fcc3cc-8df4-43ba-c3ad-2d27c496a6e9?t=1610982020229,H_FK_l_B_109_2017. számú határozat,./
https://fundamenta.hu/documents/10182/2114188/H_FK_l_B_88_2017. számú határozat/7c46a4ae-b9f5-9ef7-e740-9e81c64ba727?t=1610982020229,H_FK_l_B_88_2017. számú határozat,./
https://fundamenta.hu/documents/10182/2114188/MNB H-JÉ-I-B-220_2018. számú határozat/a06f517d-8c2e-d298-6907-2dc55416b9f9?t=1610982020229,MNB H-JÉ-I-B-220_2018. számú határozat,./
https://fundamenta.hu/documents/10182/2114188/Tájékoztatás a Fundamenta-Lakáskassza Zrt. visszaélés bejelentő rendszeréről/dd3da616-9c34-ac98-8133-0cfcebd9e56a?t=1610982020229,Tájékoztatás a Fundamenta-Lakáskassza Zrt. visszaélés bejelentő rendszeréről,./
https://fundamenta.hu/documents/10182/2114401/FX Global Code devizapiaci magatartási kódex közlemény/e7acc39b-fb13-1c61-a128-e11ba55fa9f4?t=1610982020266,FX Global Code devizapiaci magatartási kódex közlemény,./
https://fundamenta.hu/documents/10182/2114401/Magatartási Kódex/9e048d24-db6f-4694-9059-bd65e9c02e08?t=1610982020266,Magatartási Kódex,./
https://fundamenta.hu/documents/10182/2115226/A bíróságon kívüli adósságrendezés/7ec8ea82-e248-4a6f-8758-6975c81b8fd3?t=1610982020301,A bíróságon kívüli adósságrendezés,./
https://fundamenta.hu/documents/10182/2115226/SZABÁLYZAT- A bíróságon kívüli adósságrendezési eljárásokban a felek közötti együttműködés és kapcsolattartás/5a200c23-0d53-47e3-86ea-ae148a7d0457?t=1610982020301,SZABÁLYZAT- A bíróságon kívüli adósságrendezési eljárásokban a felek közötti együttműködés és kapcsolattartás,./
https://fundamenta.hu/documents/10182/1776079/Compass to deposit insurance - OBA ügyféltájékoztató angol nyelven 2021.01.01-től/7bef0b84-3826-ea16-a1a1-dce00970a81a?t=1610982020338,Compass to deposit insurance - OBA ügyféltájékoztató angol nyelven 2021.01.01-től,./
https://fundamenta.hu/documents/10182/1776079/Iránytű a betétbiztosításhoz - OBA ügyféltájékoztató 2021.01.01-től/12650ae9-0e62-42ce-9726-2b27430fba23?t=1610982020338,Iránytű a betétbiztosításhoz - OBA ügyféltájékoztató 2021.01.01-től,./
https://fundamenta.hu/documents/10182/1776079/OBA nyilatkozat/317429d9-2f2a-44ad-9c43-5e6a1be808bf?t=1610982020338,OBA nyilatkozat,./
https://fundamenta.hu/documents/10182/1776079/Tájékoztatás közösségi betéttel rendelkező ügyfelek részére/9a6aaa22-d6fe-48ac-9a1d-182ad2bfef3e?t=1610982020338,Tájékoztatás közösségi betéttel rendelkező ügyfelek részére,./
https://fundamenta.hu/documents/10182/1776079/Ügyféltájékoztató/a34a75db-b4e4-4249-b8f9-6f1863cfde81?t=1610982020338,Ügyféltájékoztató,./
https://fundamenta.hu/documents/10182/1776079/Ügyféltájékoztató az ügyfél-átvilágításról/cc05c719-5e92-e1e2-d859-09d0ad3ab39b?t=1610982020338,Ügyféltájékoztató az ügyfél-átvilágításról,./
https://fundamenta.hu/documents/10182/1778437/Adatlap örökösödéshez/2b16e130-2828-49fd-506e-91cb809667d6?t=1610982020376,Adatlap örökösödéshez,./
https://fundamenta.hu/documents/10182/1778437/Lemondó nyilatkozat - rendelkezés örökölt szerződésről/731418fa-85de-657d-ec25-ba70b005ed12?t=1610982020376,Lemondó nyilatkozat - rendelkezés örökölt szerződésről,./
https://fundamenta.hu/documents/10182/1778437/Rendelkezés örökölt szerződésről /5e3c6abe-62ad-9902-db4f-b5a0accbdae4?t=1610982020376,Rendelkezés örökölt szerződésről,./
https://fundamenta.hu/documents/10182/1778437/Tájékoztató örökösödés esetén/8cb640fd-82ef-83b4-9190-a8a598f1ce17?t=1610982020376,Tájékoztató örökösödés esetén,./
"https://fundamenta.hu/documents/10182/1778437/Törvényes képviselő, gondnok adatlap/6c9dbe13-5845-3598-3dee-c8b696cc795c?t=1610982020376","Törvényes képviselő, gondnok adatlap",./
https://fundamenta.hu/documents/10182/2112808/Az ingatlanárverés keretében történő tulajdonszerzésre irányadó eljáráshoz kapcsolódó tájékoztató/44258249-18ac-49de-a1b5-80990ad4e807?t=1610982020419,Az ingatlanárverés keretében történő tulajdonszerzésre irányadó eljáráshoz kapcsolódó tájékoztató,./
https://fundamenta.hu/documents/10182/2114180/A Fundamenta-Lakáskassza Zrt. Tájékoztatója az értékbecslésről magánszemélyek részére/fb881f14-e9a9-1457-4015-5d2c6fb1bbca?t=1610982020419,A Fundamenta-Lakáskassza Zrt. Tájékoztatója az értékbecslésről magánszemélyek részére,./
https://fundamenta.hu/documents/10182/2114180/A Fundamenta-Lakáskassza Zrt. Tájékoztatója az értékbecslésről társasházak és lakásszövetkezetek részére/8f7ab836-06f0-dac0-77ac-ef1d0e0d9e38?t=1610982020419,A Fundamenta-Lakáskassza Zrt. Tájékoztatója az értékbecslésről társasházak és lakásszövetkezetek részére,./
https://fundamenta.hu/documents/10182/2116660/Betéti szerződéshez kapcsolódó számlakivonat tájékoztató/45842fb5-2ed5-4876-89cf-88641a7497d1?t=1610982020419,Betéti szerződéshez kapcsolódó számlakivonat tájékoztató,./
https://fundamenta.hu/documents/10182/2114180/Minőségbiztosítási megkeresések - Adatkezelési tájékoztató/7b045b30-11f3-7010-db4b-e583d16d1770?t=1610982020419,Minőségbiztosítási megkeresések - Adatkezelési tájékoztató,./
https://fundamenta.hu/documents/10182/2114180/Online kötési tájékoztató/470fc5c2-2043-4eb2-aee4-91613de9582b?t=1610982020419,Online kötési tájékoztató,./
"https://fundamenta.hu/documents/10182/2114180/Példa lakáscélok, amelyek megvalósíthatók Fundamenta Lakásszámlával/666327fc-a532-4afa-a239-e2292ca4262a?t=1610982020419","Példa lakáscélok, amelyek megvalósíthatók Fundamenta Lakásszámlával",./
"https://fundamenta.hu/documents/10182/2114180/Tájékoztató az Áthidaló kölcsönök előtörlesztéséről magánszemélyek, társasházak és lakásszövetkezetek részére/a3b39103-7b4c-9ec0-d2a2-12f2c833ed31?t=1610982020419","Tájékoztató az Áthidaló kölcsönök előtörlesztéséről magánszemélyek, társasházak és lakásszövetkezetek részére",./
https://fundamenta.hu/documents/10182/2114180/Tájékoztató a Fundamenta-Lakáskassza Zrt. Azonnali áthidaló kölcsönéről lakossági ügyfelek számára/0427b440-8490-4f84-7593-7283017be43c?t=1610982020419,Tájékoztató a Fundamenta-Lakáskassza Zrt. Azonnali áthidaló kölcsönéről lakossági ügyfelek számára,./
https://fundamenta.hu/documents/10182/2114180/Tájékoztató a Fundamenta-Lakáskassza Zrt. Azonnali áthidaló kölcsönéről Társasházak és Lakásszövetkezetek számára/351cbe98-6732-d2e3-e5d5-2011dd4c2181?t=1610982020419,Tájékoztató a Fundamenta-Lakáskassza Zrt. Azonnali áthidaló kölcsönéről Társasházak és Lakásszövetkezetek számára,./
https://fundamenta.hu/documents/10182/2114180/Tájékoztató a Fundamenta-Lakáskassza Zrt. Áthidaló kölcsönéről lakossági ügyfelek számára/d5a24077-4409-ffbf-106f-b3c9b3d859e9?t=1610982020419,Tájékoztató a Fundamenta-Lakáskassza Zrt. Áthidaló kölcsönéről lakossági ügyfelek számára,./
https://fundamenta.hu/documents/10182/2114180/Tájékoztató a Fundamenta-Lakáskassza Zrt. Áthidaló kölcsönéről Társasházak és Lakásszövetkezetek számára/26a6b052-3474-4cf5-fdb6-d3fd8dfca080?t=1610982020419,Tájékoztató a Fundamenta-Lakáskassza Zrt. Áthidaló kölcsönéről Társasházak és Lakásszövetkezetek számára,./
https://fundamenta.hu/documents/10182/2114180/Tájékoztató a három- vagy több-gyermekes családok támogatásának elszámolásáról/2fed2252-7c80-0ffe-9505-6c842b69a2d8?t=1610982020419,Tájékoztató a három- vagy több-gyermekes családok támogatásának elszámolásáról,./
https://fundamenta.hu/documents/10182/2114180/Tájékoztató a munkáltatók által adómentesen (pl. Cafeteriában) nyújtható törlesztési támogatás Fundamenta-Lakáskassza Zrt.-nél történő felhasználhatóságáról/a20ebae5-7fe3-e85d-2f6a-b6a06c7b8345?t=1610982020419,Tájékoztató a munkáltatók által adómentesen (pl. Cafeteriában) nyújtható törlesztési támogatás Fundamenta-Lakáskassza Zrt.-nél történő felhasználhatóságáról,./
https://fundamenta.hu/documents/10182/2112808/Tájékoztató a túlzott eladósodottság kockázatairól/043b812f-9f58-ec37-9a6f-3f7a721315df?t=1610982020419,Tájékoztató a túlzott eladósodottság kockázatairól,./
https://fundamenta.hu/documents/10182/2114180/Tájékoztató magánszemélyek részére a Központi Hitelinformációs Rendszerről/f894fcce-b92c-486e-8dbe-25cd84129aae?t=1610982020419,Tájékoztató magánszemélyek részére a Központi Hitelinformációs Rendszerről,./
https://fundamenta.hu/documents/10182/2114180/Tájékoztató vagyonbiztosításról/10243eae-0f2a-4a3b-a903-3cf3f95588b2?t=1610982020419,Tájékoztató vagyonbiztosításról,./
https://fundamenta.hu/documents/10182/2115352/MNB tájékoztató a hitelszerződés felmondása előtt/8af1db78-2c69-4d21-b49e-2973e037fb95?t=1610982020458,MNB tájékoztató a hitelszerződés felmondása előtt,./
https://fundamenta.hu/documents/10182/2115352/MNB tájékoztató fizetési nehézségek esetére/448e5d6e-1fa3-4256-82b3-39599513864e?t=1610982020458,MNB tájékoztató fizetési nehézségek esetére,./
https://fundamenta.hu/documents/10182/2115352/Nyilatkozat kölcsöntörlesztés átütemezéséhez/c86a6d03-7c8e-7ae9-9ace-f2ee1f0b0d62?t=1610982020458,Nyilatkozat kölcsöntörlesztés átütemezéséhez,./
https://fundamenta.hu/documents/10182/2115352/Nyilatkozat kölcsöntörlesztés átütemezéséhez - Kitöltési útmutató/d464f9ee-7a26-5d91-7c9c-b17cce059d94?t=1610982020458,Nyilatkozat kölcsöntörlesztés átütemezéséhez - Kitöltési útmutató,./
"https://fundamenta.hu/documents/10182/1776687/Tájékoztató az ügyfél-tájékoztatásra, valamint az adóssal történő kapcsolatfelvétel és kapcsolattartás formájára, gyakoriságára vonatkozóan alkalmazott szabályokról/84544e46-9268-40a3-b71b-798bb54c06de?t=1610982020458","Tájékoztató az ügyfél-tájékoztatásra, valamint az adóssal történő kapcsolatfelvétel és kapcsolattartás formájára, gyakoriságára vonatkozóan alkalmazott szabályokról",./
https://fundamenta.hu/documents/10182/1776687/Tájékoztató a fizetési nehézségek esetén elérhető áthidaló lehetőségekről és fizetéskönnyítő megoldásokról/5788d4eb-85ba-4bc8-bfed-2010b83e7674?t=1610982020458,Tájékoztató a fizetési nehézségek esetén elérhető áthidaló lehetőségekről és fizetéskönnyítő megoldásokról,./
https://fundamenta.hu/documents/10182/1776687/Tájékoztató a nemfizetés következményeiről és a követeléskezelés menetéről/3742b4e0-5981-4a9c-bccd-fb88927a84a4?t=1610982020458,Tájékoztató a nemfizetés következményeiről és a követeléskezelés menetéről,./
https://fundamenta.hu/documents/10182/1776687/Tájékoztató követelés érvényesítésével kapcsolatban/eb3ffcc1-4dbb-4f30-b9b0-11b9efd30a69?t=1610982020458,Tájékoztató követelés érvényesítésével kapcsolatban,./
https://fundamenta.hu/documents/10182/2366524/Fundamenta VideóBankár Adatkezelési tájékoztató/389848a1-05ec-f4de-8c88-2c3d87fd1acc?t=1610982020496,Fundamenta VideóBankár Adatkezelési tájékoztató,./
https://fundamenta.hu/documents/10182/2366524/Fundamenta VideóBankár Felhasználási feltételek/b3b64a71-a9ed-678e-2e41-eb0d4b5605b7?t=1610982020496,Fundamenta VideóBankár Felhasználási feltételek,./
https://fundamenta.hu/documents/10182/2366524/Távértékesítési elállási (felmondási) nyilatkozat/ca74e5c2-f815-2648-654e-582365e32ab4?t=1610982020496,Távértékesítési elállási (felmondási) nyilatkozat,./
https://fundamenta.hu/documents/10182/2366524/Távértékesítési tájékoztató/b07a1791-1af9-a80e-6825-216bd08143a5?t=1610982020496,Távértékesítési tájékoztató,./
